Date,Sent Amount,Sent Currency,Received Amount,Received Currency,Fee Amount,Fee Currency,Tag,Description,TxHash
2026-03-26 14:57:11,,,38.363,ID:56784085,0.005,ID:56784085,,SafeTrade deposit of 38.363 QUANTUS; the deposit fee is deducted from it,0x5000000000000000000000000000000000000000000000000000000000000002
2026-03-26 15:07:16,2.9,ID:56784085,63.1504,USDT:0xfd086bc7cd5c481dcc9c85ebe478a1c0b69fcbb9,0.0631504,USDT:0xfd086bc7cd5c481dcc9c85ebe478a1c0b69fcbb9,,SafeTrade sell 2.9 QUANTUS at 21.776 USDT; order 5001; trade 70001,safetrade-trade-70001
2026-03-26 15:07:16,2.901,ID:56784085,63.172176,USDT:0xfd086bc7cd5c481dcc9c85ebe478a1c0b69fcbb9,0.063172176,USDT:0xfd086bc7cd5c481dcc9c85ebe478a1c0b69fcbb9,,SafeTrade sell 2.901 QUANTUS at 21.776 USDT; order 5001; trade 70002,safetrade-trade-70002
2026-03-26 15:41:20,10.269,ID:56784085,215.494965,USDT:0xfd086bc7cd5c481dcc9c85ebe478a1c0b69fcbb9,0.215494965,USDT:0xfd086bc7cd5c481dcc9c85ebe478a1c0b69fcbb9,,SafeTrade sell 10.269 QUANTUS at 20.985 USDT; order 5002; trade 70003,safetrade-trade-70003
2026-03-26 15:54:55,19.185,ID:56784085,417.04353,USDT:0xfd086bc7cd5c481dcc9c85ebe478a1c0b69fcbb9,0.41704353,USDT:0xfd086bc7cd5c481dcc9c85ebe478a1c0b69fcbb9,,SafeTrade sell 19.185 QUANTUS at 21.738 USDT; order 5003; trade 70004,safetrade-trade-70004
2026-03-26 16:06:47,2.803,ID:56784085,62.551748,USDT:0xfd086bc7cd5c481dcc9c85ebe478a1c0b69fcbb9,0.062551748,USDT:0xfd086bc7cd5c481dcc9c85ebe478a1c0b69fcbb9,,SafeTrade sell 2.803 QUANTUS at 22.316 USDT; order 5004; trade 70005,safetrade-trade-70005
2026-03-27 10:11:47,,,150,USDC:0xaf88d065e77c8cc2239327c5edb3a432268e5831,,,,SafeTrade deposit of 150 USDC,0xe000000000000000000000000000000000000000000000000000000000000001
2026-03-27 10:16:07,150,USDC:0xaf88d065e77c8cc2239327c5edb3a432268e5831,149.925,USDT:0xfd086bc7cd5c481dcc9c85ebe478a1c0b69fcbb9,0.149925,USDT:0xfd086bc7cd5c481dcc9c85ebe478a1c0b69fcbb9,,SafeTrade sell 150 USDC at 0.9995 USDT; order 5005; trade 70006,safetrade-trade-70006
2026-03-29 01:48:14,500,USDT:0xfd086bc7cd5c481dcc9c85ebe478a1c0b69fcbb9,,,1.5,USDT:0xfd086bc7cd5c481dcc9c85ebe478a1c0b69fcbb9,,SafeTrade withdrawal of 500 USDT; the withdrawal fee is charged on top,0xe000000000000000000000000000000000000000000000000000000000000002
2026-03-30 12:20:40,211.93,USDT:0xfd086bc7cd5c481dcc9c85ebe478a1c0b69fcbb9,10,ID:56784085,0.01,ID:56784085,,SafeTrade buy 10 QUANTUS at 21.193 USDT; order 5006; trade 70007,safetrade-trade-70007
2026-03-30 13:00:43,9.9,ID:56784085,,,0.02,ID:56784085,,SafeTrade withdrawal of 9.9 QUANTUS; the withdrawal fee is charged on top,0x5000000000000000000000000000000000000000000000000000000000000003
2026-04-01 18:20:03,120,USDT:0xfd086bc7cd5c481dcc9c85ebe478a1c0b69fcbb9,,,1.5,USDT:0xfd086bc7cd5c481dcc9c85ebe478a1c0b69fcbb9,,SafeTrade withdrawal of 120 USDT; the withdrawal fee is charged on top,0xe000000000000000000000000000000000000000000000000000000000000003
2026-04-02 10:15:14,130.71,USDT:0xfd086bc7cd5c481dcc9c85ebe478a1c0b69fcbb9,,,1.5,USDT:0xfd086bc7cd5c481dcc9c85ebe478a1c0b69fcbb9,,Typed in from the SafeTrade panel; not in the export yet,0xe000000000000000000000000000000000000000000000000000000000000004
